Timestamp,Eye_R,Eye_G,Eye_B,Eye_Hex,Lips_R,Lips_G,Lips_B,Lips_Hex,Cheek_R,Cheek_G,Cheek_B,Cheek_Hex,Hair_R,Hair_G,Hair_B,Hair_Hex
2025-04-05 14:32:47,36,37,37,#242525,167,106,90,#A76A5A,193,124,104,#C17C68,69,50,40,#453228
2025-04-05 14:32:47,39,37,40,#272528,169,105,96,#A96960,189,123,102,#BD7B66,70,50,43,#46322B
2025-04-05 14:32:47,40,34,37,#282225,174,108,98,#AE6C62,189,124,105,#BD7C69,69,51,41,#453329
2025-04-05 14:32:47,36,37,39,#242527,166,105,93,#A6695D,190,123,105,#BE7B69,71,51,42,#47332A
2025-04-05 14:32:47,41,39,38,#292726,168,106,97,#A86A61,191,124,105,#BF7C69,70,51,46,#46332E
2025-04-05 14:32:47,39,36,37,#272425,169,104,97,#A96861,191,125,105,#BF7D69,71,52,46,#47342E
2025-04-05 14:32:47,40,37,38,#282526,169,105,95,#A9695F,190,125,105,#BE7D69,70,51,43,#46332B
2025-04-05 14:32:47,37,36,38,#252426,168,105,93,#A8695D,192,126,107,#C07E6B,69,51,43,#45332B
2025-04-05 14:32:47,41,38,36,#292624,170,105,97,#AA6961,190,124,105,#BE7C69,67,48,41,#433029
2025-04-05 14:32:47,38,36,39,#262427,168,105,94,#A8695E,189,124,104,#BD7C68,66,48,42,#42302A
2025-04-05 14:32:47,38,33,35,#262123,171,105,93,#AB695D,189,124,104,#BD7C68,66,49,43,#42312B
2025-04-05 14:32:47,40,37,38,#282526,169,104,96,#A96860,190,124,104,#BE7C68,68,48,43,#44302B
2025-04-05 14:32:47,34,34,37,#222225,170,107,96,#AA6B60,192,125,106,#C07D6A,68,49,44,#44312C
2025-04-05 14:32:47,37,35,39,#252327,168,106,96,#A86A60,191,125,106,#BF7D6A,65,49,42,#41312A
2025-04-05 14:32:47,35,35,38,#232326,170,108,101,#AA6C65,190,124,105,#BE7C69,67,49,40,#433128
2025-04-05 14:32:47,35,35,40,#232328,171,105,100,#AB6964,190,125,105,#BE7D69,66,50,42,#42322A
2025-04-05 14:32:47,35,35,40,#232328,171,105,99,#AB6963,190,125,106,#BE7D6A,67,52,42,#43342A
2025-04-05 14:32:47,35,36,36,#232424,169,107,99,#A96B63,191,125,107,#BF7D6B,69,51,42,#45332A
2025-04-05 14:32:48,38,35,38,#262326,170,107,99,#AA6B63,190,123,104,#BE7B68,70,50,43,#46322B
2025-04-05 14:32:48,40,37,38,#282526,169,106,99,#A96A63,191,124,105,#BF7C69,66,50,42,#42322A
2025-04-05 14:32:48,33,36,39,#212427,170,107,96,#AA6B60,190,124,104,#BE7C68,67,50,41,#433229
2025-04-05 14:32:48,31,33,34,#1F2122,166,107,94,#A66B5E,189,123,104,#BD7B68,69,52,44,#45342C
2025-04-05 14:32:48,40,37,42,#28252A,166,108,93,#A66C5D,189,123,104,#BD7B68,70,51,42,#46332A
2025-04-05 14:32:48,38,38,43,#26262B,169,109,97,#A96D61,190,123,104,#BE7B68,73,53,44,#49352C
2025-04-05 14:32:48,38,34,39,#262227,168,108,94,#A86C5E,189,125,102,#BD7D66,71,52,41,#473429
2025-04-05 14:32:48,37,34,37,#252225,163,108,91,#A36C5B,191,126,105,#BF7E69,69,50,42,#45322A
2025-04-05 14:32:48,38,36,39,#262427,165,106,96,#A56A60,193,127,104,#C17F68,70,50,43,#46322B
2025-04-05 14:32:48,34,35,37,#222325,168,106,96,#A86A60,192,125,103,#C07D67,71,49,43,#47312B
2025-04-05 14:32:48,33,35,36,#212324,168,107,95,#A86B5F,192,124,104,#C07C68,69,52,48,#453430
2025-04-05 14:32:48,39,35,37,#272325,169,110,100,#A96E64,191,124,103,#BF7C67,68,46,39,#442E27
2025-04-05 14:32:48,40,35,38,#282326,166,109,99,#A66D63,193,125,104,#C17D68,64,48,44,#40302C
2025-04-05 14:32:48,41,36,40,#292428,170,109,101,#AA6D65,193,125,104,#C17D68,65,50,45,#41322D
2025-04-05 14:32:48,43,36,40,#2B2428,172,111,102,#AC6F66,192,126,106,#C07E6A,64,49,43,#40312B
2025-04-05 14:32:48,38,31,36,#261F24,174,110,97,#AE6E61,191,125,105,#BF7D69,64,50,42,#40322A
2025-04-05 14:32:48,38,32,38,#262026,172,108,95,#AC6C5F,190,125,104,#BE7D68,68,50,44,#44322C
2025-04-05 14:32:48,40,35,39,#282327,169,108,94,#A96C5E,190,124,104,#BE7C68,65,52,44,#41342C
2025-04-05 14:32:48,39,35,39,#272327,170,106,92,#AA6A5C,191,125,104,#BF7D68,69,54,45,#45362D
2025-04-05 14:32:48,44,37,39,#2C2527,170,110,97,#AA6E61,194,126,105,#C27E69,67,51,46,#43332E
2025-04-05 14:32:48,41,37,39,#292527,171,111,98,#AB6F62,194,125,104,#C27D68,70,51,46,#46332E
2025-04-05 14:32:48,38,36,39,#262427,172,111,96,#AC6F60,194,126,106,#C27E6A,68,51,46,#44332E
2025-04-05 14:32:48,38,38,40,#262628,173,110,98,#AD6E62,193,125,106,#C17D6A,71,53,46,#47352E
2025-04-05 14:32:48,40,40,40,#282828,172,109,98,#AC6D62,193,125,106,#C17D6A,69,52,46,#45342E
2025-04-05 14:32:48,38,39,41,#262729,173,111,100,#AD6F64,192,124,105,#C07C69,67,51,46,#43332E
2025-04-05 14:32:48,39,37,41,#272529,172,110,97,#AC6E61,192,124,106,#C07C6A,68,50,44,#44322C
2025-04-05 14:32:49,42,37,42,#2A252A,171,107,95,#AB6B5F,192,124,106,#C07C6A,68,52,47,#44342F
2025-04-05 14:32:49,41,38,41,#292629,171,108,97,#AB6C61,192,124,106,#C07C6A,70,53,47,#46352F
2025-04-05 14:32:49,35,33,37,#232125,172,107,97,#AC6B61,191,124,105,#BF7C69,68,53,47,#44352F
2025-04-05 14:32:49,34,34,41,#222229,172,111,97,#AC6F61,192,124,105,#C07C69,71,54,47,#47362F
2025-04-05 14:32:49,37,37,43,#25252B,173,111,98,#AD6F62,191,123,105,#BF7B69,69,53,46,#45352E
2025-04-05 14:32:49,37,37,41,#252529,172,111,101,#AC6F65,192,124,105,#C07C69,72,54,47,#48362F
2025-04-05 14:32:49,37,37,41,#252529,172,111,99,#AC6F63,191,124,105,#BF7C69,73,54,45,#49362D
2025-04-05 14:32:49,37,38,41,#252629,172,112,99,#AC7063,192,125,106,#C07D6A,72,52,45,#48342D
2025-04-05 14:32:49,38,38,41,#262629,174,113,100,#AE7164,193,125,106,#C17D6A,71,51,45,#47332D
2025-04-05 14:32:49,39,38,40,#272628,174,114,102,#AE7266,193,125,106,#C17D6A,72,53,47,#48352F
2025-04-05 14:32:49,39,39,39,#272727,173,114,100,#AD7264,194,126,107,#C27E6B,73,53,48,#493530
2025-04-05 14:32:49,39,38,39,#272627,174,113,100,#AE7164,194,126,106,#C27E6A,70,52,45,#46342D
2025-04-05 14:32:49,40,40,41,#282829,173,115,101,#AD7365,195,127,107,#C37F6B,71,52,46,#47342E
2025-04-05 14:32:49,41,41,43,#29292B,170,111,105,#AA6F69,197,127,107,#C57F6B,69,51,44,#45332C
2025-04-05 14:32:49,44,41,42,#2C292A,173,110,99,#AD6E63,197,127,108,#C57F6C,67,51,48,#433330
2025-04-05 14:32:49,42,41,41,#2A2929,174,110,101,#AE6E65,196,127,107,#C47F6B,67,51,47,#43332F
2025-04-05 14:32:49,42,40,43,#2A282B,172,109,96,#AC6D60,196,127,106,#C47F6A,66,50,44,#42322C
2025-04-05 14:32:49,38,41,41,#262929,170,110,94,#AA6E5E,197,128,108,#C5806C,70,51,42,#46332A
2025-04-05 14:32:49,45,39,40,#2D2728,172,110,95,#AC6E5F,196,128,108,#C4806C,68,51,46,#44332E
2025-04-05 14:32:49,41,39,42,#29272A,179,116,110,#B3746E,197,128,108,#C5806C,66,50,46,#42322E
2025-04-05 14:32:49,37,39,43,#25272B,169,109,95,#A96D5F,196,128,107,#C4806B,66,50,45,#42322D
2025-04-05 14:32:49,45,39,41,#2D2729,176,115,103,#B07367,197,128,106,#C5806A,66,54,49,#423631
2025-04-05 14:32:50,41,37,41,#292529,178,119,106,#B2776A,198,129,109,#C6816D,65,47,45,#412F2D
2025-04-05 14:32:50,38,39,40,#262728,176,113,101,#B07165,197,129,108,#C5816C,66,49,47,#42312F
2025-04-05 14:32:50,40,37,41,#282529,173,113,103,#AD7167,197,128,108,#C5806C,63,48,40,#3F3028
2025-04-05 14:32:50,41,35,44,#29232C,174,112,103,#AE7067,196,128,105,#C48069,66,53,43,#42352B
2025-04-05 14:32:50,41,36,47,#29242F,175,114,104,#AF7268,196,127,106,#C47F6A,66,50,41,#423229
2025-04-05 14:32:50,41,40,47,#29282F,173,114,97,#AD7261,197,128,106,#C5806A,67,52,43,#43342B
2025-04-05 14:32:50,45,33,36,#2D2124,174,114,101,#AE7265,198,128,107,#C6806B,70,50,46,#46322E
2025-04-05 14:32:50,47,23,24,#2F1718,169,112,98,#A97062,197,129,107,#C5816B,73,52,47,#49342F
2025-04-05 14:32:50,48,38,38,#302626,171,109,97,#AB6D61,197,128,107,#C5806B,76,52,47,#4C342F
2025-04-05 14:32:50,40,39,40,#282728,171,111,101,#AB6F65,195,127,106,#C37F6A,70,53,50,#463532
2025-04-05 14:32:50,42,39,41,#2A2729,171,108,97,#AB6C61,196,127,108,#C47F6C,68,48,44,#44302C
2025-04-05 14:32:50,40,37,41,#282529,170,105,96,#AA6960,196,127,109,#C47F6D,68,49,42,#44312A
2025-04-05 14:32:50,40,38,39,#282627,169,108,96,#A96C60,196,127,108,#C47F6C,65,48,43,#41302B
2025-04-05 14:32:50,39,38,41,#272629,171,108,99,#AB6C63,195,127,108,#C37F6C,67,50,43,#43322B
2025-04-05 14:32:50,39,38,40,#272628,173,110,100,#AD6E64,194,126,107,#C27E6B,66,49,42,#42312A
2025-04-05 14:32:50,40,39,44,#28272C,169,125,115,#A97D73,201,133,112,#C98570,70,53,46,#46352E
2025-04-05 14:32:50,41,38,43,#29262B,153,109,98,#996D62,198,132,108,#C6846C,68,52,46,#44342E
2025-04-05 14:32:51,41,36,42,#29242A,141,98,93,#8D625D,193,128,107,#C1806B,71,53,45,#47352D
2025-04-05 14:32:51,32,43,45,#202B2D,102,55,55,#663737,196,130,105,#C48269,67,52,47,#43342F
2025-04-05 14:32:51,43,24,28,#2B181C,123,67,65,#7B4341,203,135,112,#CB8770,72,54,48,#483630
2025-04-05 14:32:51,47,44,44,#2F2C2C,132,73,72,#844948,211,142,116,#D38E74,78,58,49,#4E3A31
2025-04-05 14:32:51,50,46,44,#322E2C,150,87,83,#965753,208,139,114,#D08B72,77,57,47,#4D392F
2025-04-05 14:32:51,41,40,43,#29282B,157,95,92,#9D5F5C,210,139,114,#D28B72,78,58,48,#4E3A30
2025-04-05 14:32:51,42,44,47,#2A2C2F,154,90,85,#9A5A55,211,142,118,#D38E76,76,58,43,#4C3A2B
2025-04-05 14:32:51,49,42,45,#312A2D,161,90,86,#A15A56,213,143,117,#D58F75,78,64,50,#4E4032
2025-04-05 14:32:51,53,49,51,#353133,150,85,84,#965554,211,141,116,#D38D74,86,65,46,#56412E
2025-04-05 14:32:51,49,46,46,#312E2E,163,90,85,#A35A55,203,136,116,#CB8874,86,68,52,#564434
2025-04-05 14:32:51,46,42,43,#2E2A2B,157,87,82,#9D5752,183,119,101,#B77765,83,67,49,#534331
2025-04-05 14:32:51,42,45,45,#2A2D2D,153,84,77,#99544D,182,119,102,#B67766,82,65,48,#524130
2025-04-05 14:32:51,48,45,46,#302D2E,159,85,83,#9F5553,187,123,105,#BB7B69,87,67,54,#574336
2025-04-05 14:32:51,47,49,46,#2F312E,165,88,83,#A55853,193,129,108,#C1816C,84,66,51,#544233
2025-04-05 14:32:51,47,44,44,#2F2C2C,158,84,86,#9E5456,199,133,114,#C78572,82,65,50,#524132
2025-04-05 14:32:51,41,43,43,#292B2B,153,83,76,#99534C,206,138,118,#CE8A76,90,67,56,#5A4338
2025-04-05 14:32:51,45,40,43,#2D282B,157,90,90,#9D5A5A,210,136,114,#D28872,80,62,51,#503E33
2025-04-05 14:32:51,46,38,42,#2E262A,170,103,99,#AA6763,213,142,118,#D58E76,75,61,48,#4B3D30
2025-04-05 14:32:51,39,36,40,#272428,107,58,54,#6B3A36,219,147,120,#DB9378,80,58,50,#503A32
2025-04-05 14:32:52,43,37,37,#2B2525,110,60,59,#6E3C3B,223,151,126,#DF977E,73,52,41,#493429
2025-04-05 14:32:52,40,32,33,#282021,131,80,77,#83504D,227,158,125,#E39E7D,66,50,38,#423226
2025-04-05 14:32:52,35,32,28,#23201C,139,79,75,#8B4F4B,228,158,129,#E49E81,68,49,42,#44312A
2025-04-05 14:32:52,33,32,32,#212020,134,78,70,#864E46,229,158,126,#E59E7E,72,51,42,#48332A
2025-04-05 14:32:52,38,32,30,#26201E,118,66,61,#76423D,228,155,124,#E49B7C,67,52,43,#43342B
2025-04-05 14:32:52,37,31,31,#251F1F,125,76,77,#7D4C4D,226,156,124,#E29C7C,74,51,40,#4A3328
2025-04-05 14:32:52,39,32,32,#272020,167,122,111,#A77A6F,221,148,120,#DD9478,72,50,42,#48322A
2025-04-05 14:32:52,37,34,32,#252220,187,149,141,#BB958D,209,138,114,#D18A72,69,55,40,#453728
2025-04-05 14:32:52,38,36,34,#262422,109,82,77,#6D524D,210,140,116,#D28C74,81,58,47,#513A2F
2025-04-05 14:32:52,35,34,33,#232221,81,49,44,#51312C,214,142,118,#D68E76,79,59,45,#4F3B2D
2025-04-05 14:32:52,38,33,36,#262124,94,55,54,#5E3736,214,144,120,#D69078,80,57,46,#50392E
2025-04-05 14:32:52,38,33,35,#262123,82,46,45,#522E2D,213,143,119,#D58F77,77,57,47,#4D392F
2025-04-05 14:32:52,40,33,34,#282122,84,48,46,#54302E,214,142,117,#D68E75,78,58,48,#4E3A30
2025-04-05 14:32:52,41,32,33,#292021,87,49,46,#57312E,212,141,116,#D48D74,78,58,44,#4E3A2C
2025-04-05 14:32:52,39,30,36,#271E24,86,48,46,#56302E,212,141,116,#D48D74,75,57,45,#4B392D
2025-04-05 14:32:52,38,29,29,#261D1D,89,50,46,#59322E,211,141,116,#D38D74,76,59,47,#4C3B2F
2025-04-05 14:32:52,56,38,34,#382622,87,50,46,#57322E,211,140,116,#D38C74,75,55,49,#4B3731
2025-04-05 14:32:52,46,28,25,#2E1C19,87,50,45,#57322D,212,141,116,#D48D74,80,57,46,#50392E
2025-04-05 14:32:52,41,28,24,#291C18,89,51,47,#59332F,212,141,117,#D48D75,77,56,46,#4D382E
2025-04-05 14:32:53,42,30,29,#2A1E1D,81,50,45,#51322D,211,141,115,#D38D73,76,55,46,#4C372E
2025-04-05 14:32:53,42,32,31,#2A201F,187,152,142,#BB988E,214,144,117,#D69075,75,54,43,#4B362B
2025-04-05 14:32:53,47,43,42,#2F2B2A,177,133,118,#B18576,220,148,121,#DC9479,76,56,44,#4C382C
2025-04-05 14:32:53,38,33,34,#262122,173,122,111,#AD7A6F,218,152,116,#DA9874,72,51,39,#483327
2025-04-05 14:32:53,43,31,37,#2B1F25,167,127,114,#A77F72,219,148,121,#DB9479,70,53,41,#463529
2025-04-05 14:32:53,39,34,36,#272224,144,100,100,#906464,220,151,120,#DC9778,71,54,43,#47362B
2025-04-05 14:32:53,33,33,34,#212122,130,80,81,#825051,219,149,118,#DB9576,71,50,43,#47322B
2025-04-05 14:32:53,40,33,33,#282121,137,82,82,#895252,217,148,121,#D99479,69,53,44,#45352C
2025-04-05 14:32:53,42,37,36,#2A2524,153,91,89,#995B59,217,148,119,#D99477,69,52,44,#45342C
2025-04-05 14:32:53,34,36,39,#222427,156,95,86,#9C5F56,215,147,120,#D79378,70,50,43,#46322B
2025-04-05 14:32:53,37,36,35,#252423,169,102,97,#A96661,214,145,115,#D69173,74,50,42,#4A322A
2025-04-05 14:32:53,41,35,37,#292325,170,105,101,#AA6965,215,144,116,#D79074,70,53,45,#46352D
2025-04-05 14:32:53,39,38,36,#272624,167,103,98,#A76762,210,141,114,#D28D72,76,53,44,#4C352C
2025-04-05 14:32:53,40,40,41,#282829,164,96,93,#A4605D,210,142,113,#D28E71,68,53,44,#44352C
2025-04-05 14:32:53,41,37,43,#29252B,164,88,83,#A45853,212,143,115,#D48F73,77,55,40,#4D3728
2025-04-05 14:32:53,42,42,38,#2A2A26,162,88,82,#A25852,211,143,118,#D38F76,79,60,50,#4F3C32
2025-04-05 14:32:53,46,40,44,#2E282C,171,93,93,#AB5D5D,212,144,116,#D49074,76,59,49,#4C3B31
2025-04-05 14:32:53,41,37,40,#292528,163,86,78,#A3564E,211,141,118,#D38D76,76,62,44,#4C3E2C
2025-04-05 14:32:53,47,41,40,#2F2928,168,94,85,#A85E55,212,145,120,#D49178,86,68,49,#564431
2025-04-05 14:32:53,44,39,42,#2C272A,160,90,86,#A05A56,206,140,115,#CE8C73,90,69,56,#5A4538
2025-04-05 14:32:53,49,41,40,#312928,161,88,84,#A15854,203,136,115,#CB8873,90,66,51,#5A4233
2025-04-05 14:32:53,38,38,34,#262622,177,97,93,#B1615D,203,136,116,#CB8874,88,69,57,#584539
2025-04-05 14:32:53,38,37,40,#262528,156,85,81,#9C5551,203,135,117,#CB8775,79,67,50,#4F4332
2025-04-05 14:32:53,45,41,40,#2D2928,169,97,87,#A96157,205,138,117,#CD8A75,85,66,52,#554234
2025-04-05 14:32:53,41,42,45,#292A2D,167,88,86,#A75856,209,139,119,#D18B77,90,68,54,#5A4436
2025-04-05 14:32:53,44,43,42,#2C2B2A,165,94,87,#A55E57,210,142,120,#D28E78,83,66,50,#534232
2025-04-05 14:32:53,43,39,46,#2B272E,165,92,89,#A55C59,212,144,121,#D49079,86,64,49,#564031
2025-04-05 14:32:53,42,38,37,#2A2625,154,82,83,#9A5253,213,144,121,#D59079,83,68,52,#534434
2025-04-05 14:32:54,44,41,45,#2C292D,151,81,80,#975150,214,144,121,#D69079,87,62,50,#573E32
2025-04-05 14:32:54,45,45,44,#2D2D2C,149,83,81,#955351,216,145,119,#D89177,78,63,45,#4E3F2D
2025-04-05 14:32:54,42,42,38,#2A2A26,147,84,80,#935450,217,150,122,#D9967A,83,66,54,#534236
2025-04-05 14:32:54,37,37,42,#25252A,149,81,81,#955151,220,148,121,#DC9479,85,66,53,#554235
2025-04-05 14:32:54,46,41,43,#2E292B,137,72,68,#894844,220,149,120,#DC9578,77,63,50,#4D3F32
2025-04-05 14:32:54,46,35,36,#2E2324,143,75,74,#8F4B4A,221,152,119,#DD9877,81,60,49,#513C31
2025-04-05 14:32:54,41,37,36,#292524,136,72,69,#884845,223,151,119,#DF9777,78,60,44,#4E3C2C
2025-04-05 14:32:54,34,30,30,#221E1E,147,78,73,#934E49,222,154,122,#DE9A7A,77,58,46,#4D3A2E
2025-04-05 14:32:54,42,35,39,#2A2327,146,79,72,#924F48,226,155,123,#E29B7B,77,57,46,#4D392E
2025-04-05 14:32:54,42,33,36,#2A2124,151,89,84,#975954,225,157,126,#E19D7E,77,60,44,#4D3C2C
2025-04-05 14:32:54,36,32,33,#242021,163,100,89,#A36459,226,159,128,#E29F80,72,55,47,#48372F
2025-04-05 14:32:54,40,35,36,#282324,167,101,97,#A76561,223,154,122,#DF9A7A,74,57,48,#4A3930
2025-04-05 14:32:54,42,35,34,#2A2322,150,90,80,#965A50,216,151,123,#D8977B,77,57,43,#4D392B
2025-04-05 14:32:54,42,33,34,#2A2122,148,89,80,#945950,213,147,119,#D59377,76,55,45,#4C372D
2025-04-05 14:32:54,39,33,35,#272123,104,61,60,#683D3C,210,143,115,#D28F73,75,53,44,#4B352C
2025-04-05 14:32:54,38,34,37,#262225,102,61,56,#663D38,212,145,115,#D49173,75,54,48,#4B3630
2025-04-05 14:32:54,40,33,34,#282122,145,94,85,#915E55,217,149,123,#D9957B,73,53,45,#49352D
2025-04-05 14:32:54,39,36,35,#272423,183,129,109,#B7816D,218,149,119,#DA9577,75,54,44,#4B362C
2025-04-05 14:32:54,31,33,33,#1F2121,204,146,125,#CC927D,217,150,120,#D99678,74,53,45,#4A352D
2025-04-05 14:32:54,35,32,34,#232022,192,136,120,#C08878,217,147,121,#D99379,70,53,45,#46352D
2025-04-05 14:32:54,37,32,33,#252021,201,144,122,#C9907A,215,146,119,#D79277,68,53,43,#44352B
2025-04-05 14:32:54,38,32,34,#262022,204,148,126,#CC947E,215,144,118,#D79076,69,50,42,#45322A
2025-04-05 14:32:54,40,33,34,#282122,198,141,123,#C68D7B,214,143,117,#D68F75,69,52,39,#453427
2025-04-05 14:32:54,57,37,33,#392521,189,132,122,#BD847A,210,145,115,#D29173,71,56,46,#47382E
2025-04-05 14:32:54,60,40,36,#3C2824,184,128,110,#B8806E,210,142,116,#D28E74,73,55,45,#49372D
2025-04-05 14:32:54,50,31,28,#321F1C,171,118,104,#AB7668,210,145,119,#D29177,73,53,47,#49352F
2025-04-05 14:32:54,40,28,25,#281C19,152,99,85,#986355,208,143,117,#D08F75,70,49,40,#463128
2025-04-05 14:32:54,36,29,28,#241D1C,151,92,89,#975C59,209,142,116,#D18E74,71,50,41,#473229
2025-04-05 14:32:54,39,36,34,#272422,139,84,79,#8B544F,211,146,119,#D39277,72,51,43,#48332B
2025-04-05 14:32:54,42,36,37,#2A2425,128,80,76,#80504C,214,147,119,#D69377,72,53,44,#48352C
2025-04-05 14:32:55,42,35,35,#2A2323,123,72,70,#7B4846,216,150,121,#D89679,69,52,42,#45342A
2025-04-05 14:32:55,42,36,34,#2A2422,117,65,66,#754142,215,147,118,#D79376,66,49,38,#423126
2025-04-05 14:32:55,41,34,35,#292223,154,100,87,#9A6457,214,142,115,#D68E73,71,50,40,#473228
2025-04-05 14:32:55,37,32,39,#252027,159,99,84,#9F6354,211,142,114,#D38E72,69,50,42,#45322A
2025-04-05 14:32:55,34,33,34,#222122,160,101,86,#A06556,211,140,114,#D38C72,68,50,40,#443228
2025-04-05 14:32:55,36,31,33,#241F21,163,100,84,#A36454,209,139,113,#D18B71,69,50,42,#45322A
2025-04-05 14:32:55,39,35,36,#272324,162,98,89,#A26259,209,139,114,#D18B72,69,48,40,#453028
2025-04-05 14:32:55,37,30,31,#251E1F,160,104,94,#A0685E,207,138,114,#CF8A72,68,50,41,#443229
2025-04-05 14:32:55,36,34,32,#242220,161,99,86,#A16356,211,140,117,#D38C75,67,50,41,#433229
2025-04-05 14:32:55,36,31,32,#241F20,163,101,90,#A3655A,209,140,117,#D18C75,65,50,42,#41322A
2025-04-05 14:32:55,33,27,30,#211B1E,160,104,87,#A06857,209,139,116,#D18B74,67,50,44,#43322C
2025-04-05 14:32:55,33,34,34,#212222,159,103,89,#9F6759,208,137,114,#D08972,69,52,42,#45342A
2025-04-05 14:32:55,33,29,32,#211D20,164,106,96,#A46A60,209,138,114,#D18A72,67,50,40,#433228
2025-04-05 14:32:55,32,32,33,#202021,163,103,88,#A36758,208,138,114,#D08A72,66,50,40,#423228
2025-04-05 14:32:55,37,32,33,#252021,163,102,93,#A3665D,206,137,114,#CE8972,65,50,40,#413228
2025-04-05 14:32:55,38,34,34,#262222,162,101,89,#A26559,209,139,116,#D18B74,67,48,41,#433029
2025-04-05 14:32:55,35,30,31,#231E1F,165,106,96,#A56A60,207,139,115,#CF8B73,70,51,43,#46332B
2025-04-05 14:32:55,36,30,31,#241E1F,162,102,90,#A2665A,209,140,117,#D18C75,71,50,41,#473229
2025-04-05 14:32:55,34,30,32,#221E20,160,103,92,#A0675C,207,138,116,#CF8A74,69,49,41,#453129
2025-04-05 14:32:55,34,32,34,#222022,158,100,86,#9E6456,208,139,116,#D08B74,68,49,43,#44312B
2025-04-05 14:32:55,33,31,34,#211F22,159,103,89,#9F6759,206,137,115,#CE8973,70,50,45,#46322D
2025-04-05 14:32:55,33,30,33,#211E21,163,103,91,#A3675B,207,139,116,#CF8B74,71,51,44,#47332C
2025-04-05 14:32:55,33,29,33,#211D21,161,100,88,#A16458,207,139,116,#CF8B74,70,50,42,#46322A
2025-04-05 14:32:55,35,30,33,#231E21,163,100,91,#A3645B,207,139,116,#CF8B74,69,50,45,#45322D
2025-04-05 14:32:55,37,32,38,#252026,163,99,92,#A3635C,208,140,113,#D08C71,72,52,42,#48342A
2025-04-05 14:32:56,35,33,33,#232121,155,104,86,#9B6856,211,145,115,#D39173,70,49,43,#46312B
2025-04-05 14:32:56,35,33,34,#232122,113,83,83,#715353,216,152,122,#D8987A,69,50,42,#45322A
2025-04-05 14:32:56,37,30,34,#251E22,96,41,41,#602929,220,155,126,#DC9B7E,72,54,44,#48362C
2025-04-05 14:32:56,33,29,30,#211D1E,114,54,54,#723636,224,160,130,#E0A082,68,55,47,#44372F
2025-04-05 14:32:56,36,33,32,#242120,109,52,53,#6D3435,224,162,131,#E0A283,76,54,44,#4C362C
2025-04-05 14:32:56,32,34,34,#202222,110,49,49,#6E3131,224,161,131,#E0A183,74,53,43,#4A352B
2025-04-05 14:32:56,34,30,30,#221E1E,109,51,53,#6D3335,223,161,130,#DFA182,72,52,43,#48342B
2025-04-05 14:32:56,35,31,29,#231F1D,106,48,53,#6A3035,224,161,132,#E0A184,75,54,42,#4B362A
2025-04-05 14:32:56,31,30,31,#1F1E1F,112,46,53,#702E35,224,161,132,#E0A184,76,55,44,#4C372C
2025-04-05 14:32:56,35,31,33,#231F21,104,44,51,#682C33,223,163,134,#DFA386,74,54,45,#4A362D
2025-04-05 14:32:56,32,30,32,#201E20,101,48,51,#653033,224,159,129,#E09F81,73,53,43,#49352B
2025-04-05 14:32:56,31,34,33,#1F2221,96,48,50,#603032,218,152,126,#DA987E,73,50,41,#493229
2025-04-05 14:32:56,33,31,36,#211F24,148,99,89,#946359,211,146,119,#D39277,72,50,41,#483229
2025-04-05 14:32:56,30,29,33,#1E1D21,161,105,94,#A1695E,213,144,117,#D59075,70,49,40,#463128
2025-04-05 14:32:56,36,31,39,#241F27,166,108,99,#A66C63,210,143,118,#D28F76,72,50,41,#483229
2025-04-05 14:32:56,35,32,36,#232024,164,102,95,#A4665F,211,142,117,#D38E75,67,49,41,#433129
2025-04-05 14:32:56,35,31,38,#231F26,161,102,83,#A16653,206,141,116,#CE8D74,67,48,42,#43302A
2025-04-05 14:32:56,31,30,33,#1F1E21,158,103,89,#9E6759,203,140,116,#CB8C74,68,50,42,#44322A
2025-04-05 14:32:56,28,26,30,#1C1A1E,159,101,95,#9F655F,205,137,113,#CD8971,70,48,40,#463028
2025-04-05 14:32:56,35,29,31,#231D1F,156,103,90,#9C675A,207,137,115,#CF8973,69,47,39,#452F27
2025-04-05 14:32:56,32,29,34,#201D22,161,102,91,#A1665B,208,138,114,#D08A72,69,50,43,#45322B
2025-04-05 14:32:56,78,51,45,#4E332D,161,102,93,#A1665D,205,137,114,#CD8972,70,52,42,#46342A
2025-04-05 14:32:56,77,53,48,#4D3530,161,102,93,#A1665D,205,137,114,#CD8972,72,53,43,#48352B
2025-04-05 14:32:56,44,30,30,#2C1E1E,159,103,92,#9F675C,202,133,111,#CA856F,73,51,43,#49332B
2025-04-05 14:32:56,38,29,31,#261D1F,162,98,90,#A2625A,200,134,112,#C88670,71,50,41,#473229
2025-04-05 14:32:57,39,31,32,#271F20,160,99,92,#A0635C,201,134,114,#C98672,68,49,39,#443127
2025-04-05 14:32:57,36,28,29,#241C1D,160,100,91,#A0645B,202,135,110,#CA876E,73,52,40,#493428
2025-04-05 14:32:57,36,31,35,#241F23,159,100,91,#9F645B,200,133,110,#C8856E,67,47,39,#432F27
2025-04-05 14:32:57,36,31,32,#241F20,154,101,83,#9A6553,202,133,111,#CA856F,72,49,43,#48312B
2025-04-05 14:32:57,34,29,30,#221D1E,155,101,87,#9B6557,200,133,110,#C8856E,65,48,40,#413028
2025-04-05 14:32:57,32,29,35,#201D23,158,101,92,#9E655C,201,134,113,#C98671,69,50,43,#45322B
2025-04-05 14:32:57,27,30,36,#1B1E24,159,101,91,#9F655B,202,132,111,#CA846F,69,48,36,#453024
2025-04-05 14:32:57,31,29,30,#1F1D1E,162,102,94,#A2665E,204,133,112,#CC8570,68,48,41,#443029
2025-04-05 14:32:57,35,34,32,#232220,158,101,90,#9E655A,203,134,111,#CB866F,69,51,41,#453329
2025-04-05 14:32:57,31,28,30,#1F1C1E,159,101,90,#9F655A,202,133,111,#CA856F,70,50,41,#463229
2025-04-05 14:32:57,34,29,31,#221D1F,155,99,86,#9B6356,205,135,112,#CD8770,71,51,44,#47332C
2025-04-05 14:32:57,35,31,32,#231F20,161,98,85,#A16255,205,134,114,#CD8672,70,49,43,#46312B
2025-04-05 14:32:57,30,30,31,#1E1E1F,162,101,88,#A26558,203,134,111,#CB866F,74,50,41,#4A3229
2025-04-05 14:32:57,32,28,30,#201C1E,156,103,89,#9C6759,203,132,112,#CB8470,65,49,40,#413128
2025-04-05 14:32:57,28,27,30,#1C1B1E,158,104,91,#9E685B,203,132,113,#CB8471,67,51,43,#43332B
2025-04-05 14:32:57,34,31,31,#221F1F,157,101,91,#9D655B,204,133,112,#CC8570,73,50,43,#49322B
2025-04-05 14:32:57,37,30,32,#251E20,158,101,91,#9E655B,205,134,113,#CD8671,73,51,44,#49332C
2025-04-05 14:32:57,35,29,30,#231D1E,155,100,87,#9B6457,202,133,112,#CA8570,72,51,44,#48332C
2025-04-05 14:32:57,34,28,30,#221C1E,160,101,91,#A0655B,204,134,111,#CC866F,70,50,40,#463228
2025-04-05 14:32:57,31,28,31,#1F1C1F,156,102,90,#9C665A,208,136,113,#D08871,68,52,43,#44342B
2025-04-05 14:32:57,30,27,30,#1E1B1E,160,103,91,#A0675B,207,135,113,#CF8771,71,53,46,#47352E
2025-04-05 14:32:57,30,27,29,#1E1B1D,157,97,90,#9D615A,202,133,108,#CA856C,68,51,45,#44332D
2025-04-05 14:32:57,33,29,30,#211D1E,157,104,91,#9D685B,205,134,109,#CD866D,74,53,43,#4A352B
2025-04-05 14:32:57,34,29,30,#221D1E,162,103,94,#A2675E,204,133,112,#CC8570,74,56,47,#4A382F
2025-04-05 14:32:57,30,28,29,#1E1C1D,160,101,88,#A06558,201,132,111,#C9846F,69,50,41,#453229
2025-04-05 14:32:58,33,30,34,#211E22,161,101,89,#A16559,206,134,113,#CE8671,67,49,40,#433128
2025-04-05 14:32:58,35,30,31,#231E1F,161,103,90,#A1675A,204,135,112,#CC8770,67,49,41,#433129
2025-04-05 14:32:58,35,31,36,#231F24,160,102,84,#A06654,202,134,112,#CA8670,63,49,42,#3F312A
2025-04-05 14:32:58,30,28,33,#1E1C21,159,101,84,#9F6554,205,135,115,#CD8773,67,49,39,#433127
2025-04-05 14:32:58,34,34,35,#222223,159,100,86,#9F6456,203,135,114,#CB8772,68,48,42,#44302A
2025-04-05 14:32:58,37,28,28,#251C1C,150,96,83,#966053,201,131,110,#C9836E,71,50,40,#473228
2025-04-05 14:32:58,54,28,28,#361C1C,151,96,82,#976052,202,133,112,#CA8570,69,51,42,#45332A
2025-04-05 14:32:58,57,35,36,#392324,152,100,88,#986458,198,132,108,#C6846C,76,53,47,#4C352F
2025-04-05 14:32:58,49,37,35,#312523,135,92,85,#875C55,191,127,103,#BF7F67,76,55,45,#4C372D
2025-04-05 14:32:58,41,37,35,#292523,100,57,57,#643939,194,126,106,#C27E6A,73,51,43,#49332B
2025-04-05 14:32:58,48,40,38,#302826,103,50,53,#673235,190,124,103,#BE7C67,67,49,39,#433127
2025-04-05 14:32:58,42,43,44,#2A2B2C,106,60,53,#6A3C35,187,124,104,#BB7C68,68,50,43,#44322B
2025-04-05 14:32:58,41,38,37,#292625,106,57,53,#6A3935,188,123,100,#BC7B64,67,48,39,#433027
